message_text,actual_label,predicted_label,toxicity_score,confidence
"Hey, can you send me the notes from yesterday’s class?",Safe,Safe,2,96
Please share the assignment file when you get time.,Safe,Safe,3,95
You are annoying and wasting my time.,Mild Toxicity,Mild Toxicity,15,72
"Stop messaging me, you are stupid.",Mild Toxicity,Mild Toxicity,18,75
"You are dumb and useless, don’t text me again.",Harassment,Harassment,35,82
"Everyone hates you, just disappear.",Harassment,Harassment,40,84
Send me your bank OTP immediately.,High-Risk Threat,High-Risk Threat,65,91
Give me your login details or your account will be hacked.,High-Risk Threat,High-Risk Threat,72,93
Send money or I will leak your private photos.,High-Risk Threat,High-Risk Threat,85,96
Do what I say or your videos will be made public.,High-Risk Threat,High-Risk Threat,80,95
"I know where you live, I will kill you.",High-Risk Threat,High-Risk Threat,95,98
"You will regret this, I’m coming for you.",High-Risk Threat,High-Risk Threat,88,97
"Your account has suspicious activity, click this link now.",High-Risk Threat,Harassment,45,86
Urgent! Verify your bank details to avoid suspension.,High-Risk Threat,High-Risk Threat,50,88
Can you please stop calling me repeatedly?,Safe,Safe,5,94
"I am not interested, please don’t message again.",Safe,Safe,4,93
You are really irritating and annoying.,Mild Toxicity,Mild Toxicity,14,71
Why are you so stupid all the time?,Mild Toxicity,Mild Toxicity,20,76
"Nobody cares about you, just shut up.",Harassment,Harassment,32,81
You are worthless and a complete failure.,Harassment,Harassment,38,83
Keep quiet or you will face consequences.,High-Risk Threat,Harassment,45,86
"If you don’t listen, things will get bad for you.",High-Risk Threat,Harassment,48,87
Share your OTP now or your account will be locked.,High-Risk Threat,High-Risk Threat,70,92
Your bank account will be suspended if you don’t verify.,High-Risk Threat,High-Risk Threat,75,94
"Send ₹10,000 or your photos will go viral.",High-Risk Threat,High-Risk Threat,88,97
"I have your private videos, pay me or else.",High-Risk Threat,High-Risk Threat,90,98
I know your address and your family details.,High-Risk Threat,High-Risk Threat,85,96
You think you can escape me? I will find you.,High-Risk Threat,High-Risk Threat,92,98
Click this link to secure your compromised account.,High-Risk Threat,Harassment,42,85
Urgent security alert: update password immediately.,High-Risk Threat,Harassment,47,87
"Stop acting smart, you are nothing.",Harassment,Harassment,34,82
"You are a joke, everyone laughs at you.",Harassment,Harassment,36,83
Give me your UPI pin or face serious trouble.,High-Risk Threat,High-Risk Threat,78,95
Transfer money fast or I will ruin your life.,High-Risk Threat,High-Risk Threat,89,97
"This is your final warning, comply now.",High-Risk Threat,High-Risk Threat,80,96
You better watch your back.,High-Risk Threat,High-Risk Threat,83,96
Why are you so useless at everything?,Harassment,Harassment,37,84
"Stop bothering me, you creep.",Harassment,Harassment,33,82
"Your email has been compromised, reset credentials.",High-Risk Threat,Harassment,44,86
I will destroy your reputation online.,High-Risk Threat,High-Risk Threat,86,97
"Hey, are you coming to the meeting today?",Safe,Safe,3,95
Please let me know once you receive the package.,Safe,Safe,4,94
"I already told you, stop texting me politely.",Safe,Safe,6,93
You are getting on my nerves.,Mild Toxicity,Mild Toxicity,13,70
Why are you always so annoying?,Mild Toxicity,Mild Toxicity,16,73
Stop being so dumb and careless.,Mild Toxicity,Mild Toxicity,19,75
You are absolutely useless at this job.,Harassment,Harassment,34,82
"No one likes you, just stay quiet.",Harassment,Harassment,36,83
You better stop or you’ll regret it.,High-Risk Threat,Harassment,42,86
This won’t end well if you keep ignoring me.,High-Risk Threat,Harassment,44,87
Share your OTP quickly to avoid service disruption.,High-Risk Threat,High-Risk Threat,68,92
Your card will be blocked if you don’t act now.,High-Risk Threat,High-Risk Threat,72,94
Send the money now or I will leak everything.,High-Risk Threat,High-Risk Threat,85,97
I have screenshots that can destroy you.,High-Risk Threat,High-Risk Threat,88,97
I know where you study and where you live.,High-Risk Threat,High-Risk Threat,90,98
You cannot hide from me for long.,High-Risk Threat,High-Risk Threat,92,98
Click here to secure your wallet immediately.,High-Risk Threat,Harassment,41,85
"Your account access is limited, verify identity.",High-Risk Threat,Harassment,43,86
You are a complete idiot.,Harassment,Harassment,33,81
Everyone laughs behind your back.,Harassment,Harassment,35,83
Provide UPI pin to continue transaction.,High-Risk Threat,High-Risk Threat,76,95
Transfer funds now to avoid legal action.,High-Risk Threat,High-Risk Threat,82,96
Your secrets will be public if you disobey.,High-Risk Threat,High-Risk Threat,87,97
I will make sure everyone knows your truth.,High-Risk Threat,High-Risk Threat,86,97
You should be ashamed of yourself.,Mild Toxicity,Mild Toxicity,18,74
Stop acting like a clown.,Harassment,Harassment,31,80
Final notice: update bank details immediately.,High-Risk Threat,High-Risk Threat,79,96
Fail to comply and face serious consequences.,High-Risk Threat,High-Risk Threat,84,96
I will come after you if you report this.,High-Risk Threat,High-Risk Threat,91,98
You think police can save you?,High-Risk Threat,High-Risk Threat,89,97
Please stop spreading false rumors.,Safe,Safe,5,94
Let me know if you need help with the project.,Safe,Safe,3,96
You are such a disappointment.,Harassment,Harassment,34,82
Nobody will ever respect you.,Harassment,Harassment,38,84
Urgent alert: suspicious login detected.,High-Risk Threat,Harassment,46,87
Verify your account to avoid permanent ban.,High-Risk Threat,Harassment,48,88
Pay now or face the consequences.,High-Risk Threat,High-Risk Threat,83,96
Your images will be shared publicly.,High-Risk Threat,High-Risk Threat,86,97
I will ruin everything you care about.,High-Risk Threat,High-Risk Threat,90,98
You are constantly messing things up.,Mild Toxicity,Mild Toxicity,17,73
Stop embarrassing yourself.,Mild Toxicity,Mild Toxicity,15,72
This is your last chance.,High-Risk Threat,High-Risk Threat,78,95
Do as told or suffer the outcome.,High-Risk Threat,High-Risk Threat,85,97
I will post everything online.,High-Risk Threat,High-Risk Threat,88,97
Confirm your payment credentials now.,High-Risk Threat,High-Risk Threat,74,94
You are unbearable to deal with.,Harassment,Harassment,32,81
Nobody wants you around.,Harassment,Harassment,35,83
Your future will be destroyed.,High-Risk Threat,High-Risk Threat,91,98
Update KYC immediately to avoid service halt.,High-Risk Threat,High-Risk Threat,77,95
This conversation will cost you dearly.,High-Risk Threat,High-Risk Threat,87,97
Please update me once the task is completed.,Safe,Safe,3,96
Let’s reschedule the call for tomorrow.,Safe,Safe,4,95
Kindly avoid messaging me during work hours.,Safe,Safe,5,94
You are being unnecessarily rude.,Mild Toxicity,Mild Toxicity,14,71
This behavior is quite annoying.,Mild Toxicity,Mild Toxicity,16,73
Stop acting foolish all the time.,Mild Toxicity,Mild Toxicity,18,75
You contribute nothing useful here.,Harassment,Harassment,33,81
Everyone thinks you are incompetent.,Harassment,Harassment,36,83
"You should just quit, you are pathetic.",Harassment,Harassment,39,85
Do not test my patience again.,High-Risk Threat,Harassment,41,86
Ignore me again and face the consequences.,High-Risk Threat,Harassment,44,87
Share your OTP or your account will be blocked.,High-Risk Threat,High-Risk Threat,70,93
Verify your bank details to avoid suspension.,High-Risk Threat,High-Risk Threat,74,94
Confirm your card information immediately.,High-Risk Threat,High-Risk Threat,76,95
Send the payment now or your data will be leaked.,High-Risk Threat,High-Risk Threat,86,97
I will post your private chats publicly.,High-Risk Threat,High-Risk Threat,88,97
You cannot escape what’s coming.,High-Risk Threat,High-Risk Threat,90,98
I know your daily routine and location.,High-Risk Threat,High-Risk Threat,92,98
Click the link to secure your compromised wallet.,High-Risk Threat,Harassment,43,86
Update your KYC to restore services.,High-Risk Threat,Harassment,45,87
You are a complete waste of time.,Harassment,Harassment,35,82
Nobody respects you here.,Harassment,Harassment,34,82
Stop embarrassing yourself in public.,Mild Toxicity,Mild Toxicity,17,74
You should be ashamed for acting like this.,Mild Toxicity,Mild Toxicity,19,76
"Your account shows unusual activity, act now.",High-Risk Threat,Harassment,47,88
Failure to comply may lead to legal action.,High-Risk Threat,High-Risk Threat,80,96
Pay immediately or suffer serious loss.,High-Risk Threat,High-Risk Threat,83,96
Your images will be shared if you delay.,High-Risk Threat,High-Risk Threat,85,97
I will ruin your academic career.,High-Risk Threat,High-Risk Threat,89,97
You have no idea who you are dealing with.,High-Risk Threat,High-Risk Threat,87,97
Please stop contacting me regarding this.,Safe,Safe,5,94
Let me know if the issue is resolved.,Safe,Safe,4,95
You are frustrating to work with.,Mild Toxicity,Mild Toxicity,15,72
This conversation is pointless.,Mild Toxicity,Mild Toxicity,16,73
You have failed miserably at this.,Harassment,Harassment,37,84
Everyone is disappointed because of you.,Harassment,Harassment,38,85
Final reminder: verify your payment details.,High-Risk Threat,High-Risk Threat,78,95
Transfer the amount now.,High-Risk Threat,High-Risk Threat,75,94
Your secrets will not stay hidden for long.,High-Risk Threat,High-Risk Threat,86,97
I will expose everything if you don’t comply.,High-Risk Threat,High-Risk Threat,88,97
Watch your actions carefully.,High-Risk Threat,Harassment,42,86
This is your last warning.,High-Risk Threat,High-Risk Threat,82,96
Stop wasting everyone’s time.,Harassment,Harassment,33,81
You are unbearable to interact with.,Harassment,Harassment,35,83
Confirm UPI pin to proceed.,High-Risk Threat,High-Risk Threat,77,95
Your service will be terminated today.,High-Risk Threat,High-Risk Threat,79,96
I will make sure you regret this.,High-Risk Threat,High-Risk Threat,90,98
No one will help you once this is out.,High-Risk Threat,High-Risk Threat,87,97
This mistake will cost you everything.,High-Risk Threat,High-Risk Threat,91,98
You are incapable of doing anything right.,Harassment,Harassment,36,84
You are a disgusting piece of trash.,Harassment,Harassment,40,86
"Shut the hell up, nobody wants you here.",Harassment,Harassment,42,87
You are a pathetic loser with no future.,Harassment,Harassment,45,88
You are dumb as hell and completely useless.,Harassment,Harassment,47,89
Everyone would be better off if you disappeared.,High-Risk Threat,High-Risk Threat,65,93
You are a worthless idiot who should stay silent.,Harassment,Harassment,44,88
I swear you are the biggest mistake ever.,Harassment,Harassment,46,89
"Stop existing, you absolute failure.",High-Risk Threat,High-Risk Threat,68,94
You piss me off every single time you talk.,Harassment,Harassment,43,87
You are a waste of oxygen.,Harassment,Harassment,45,88
Send the money now or I’ll ruin your life online.,High-Risk Threat,High-Risk Threat,88,97
Pay up fast or your private pics go public.,High-Risk Threat,High-Risk Threat,90,98
Give me your OTP or your account is gone.,High-Risk Threat,High-Risk Threat,75,95
Share your bank details unless you want trouble.,High-Risk Threat,High-Risk Threat,78,95
I know where you live and I’m not bluffing.,High-Risk Threat,High-Risk Threat,92,98
"You should be scared, I’m watching everything.",High-Risk Threat,High-Risk Threat,94,98
I’ll destroy your reputation and enjoy it.,High-Risk Threat,High-Risk Threat,89,97
"Your secrets won’t stay hidden, idiot.",High-Risk Threat,High-Risk Threat,85,96
Click the damn link or lose your account.,High-Risk Threat,High-Risk Threat,74,94
Update KYC now or your money is frozen.,High-Risk Threat,High-Risk Threat,77,95
You are a miserable excuse for a human.,Harassment,Harassment,46,89
Nobody respects you because you’re trash.,Harassment,Harassment,44,88
You are embarrassing and should shut up forever.,Harassment,Harassment,48,90
You completely screw up everything you touch.,Harassment,Harassment,45,88
"This is your final warning, don’t be stupid.",High-Risk Threat,High-Risk Threat,82,96
Ignore me again and you’re done.,High-Risk Threat,High-Risk Threat,85,97
I’ll make sure your life becomes hell.,High-Risk Threat,High-Risk Threat,90,98
Send payment now or suffer badly.,High-Risk Threat,High-Risk Threat,84,96
Your photos will be uploaded everywhere.,High-Risk Threat,High-Risk Threat,88,97
Transfer the cash unless you want chaos.,High-Risk Threat,High-Risk Threat,86,97
You are absolutely brain-dead.,Harassment,Harassment,43,87
I can’t stand your stupid face anymore.,Harassment,Harassment,44,88
You deserve every bad thing coming to you.,High-Risk Threat,High-Risk Threat,70,94
You should be terrified right now.,High-Risk Threat,High-Risk Threat,88,97
"Confirm your card details now, idiot.",High-Risk Threat,High-Risk Threat,76,95
Your account will be destroyed today.,High-Risk Threat,High-Risk Threat,80,96
I’ll leak everything and laugh.,High-Risk Threat,High-Risk Threat,87,97
No one will save you once I start.,High-Risk Threat,High-Risk Threat,92,98
You’re nothing but a failure.,Harassment,Harassment,41,86
Stop wasting oxygen and space.,Harassment,Harassment,45,88
Pay me now or regret being born.,High-Risk Threat,High-Risk Threat,93,98
Your entire life will collapse.,High-Risk Threat,High-Risk Threat,91,98
You are trash and always will be.,Harassment,Harassment,42,87
Give OTP fast or you’re finished.,High-Risk Threat,High-Risk Threat,79,96
Your data will be sold online.,High-Risk Threat,High-Risk Threat,85,97
I will expose you everywhere.,High-Risk Threat,High-Risk Threat,88,97
You are a complete disgrace.,Harassment,Harassment,40,86
You should crawl back into nothingness.,High-Risk Threat,High-Risk Threat,72,94
This will end very badly for you.,High-Risk Threat,High-Risk Threat,89,97
Your suffering will be worth it.,High-Risk Threat,High-Risk Threat,90,98
"Madarchod saala, teri aukaat kya hai?",Harassment,Harassment,92,94
Bhenchod tera muh band kar madarchod,Harassment,Harassment,95,97
"Kutiya ki paidayish, ghar jaake bhaunk",Harassment,Harassment,88,92
"Harami, teri maut aayegi jaldi",High-Risk Threat,High-Risk Threat,85,89
"Chutiye, dimag kharab hai kya tera?",Harassment,Harassment,78,85
"Landu sala, tujhe maar maar ke thok denge",High-Risk Threat,High-Risk Threat,93,96
Teri behen ko bhi pel denge saale,High-Risk Threat,High-Risk Threat,96,98
"Gandu, gand mara hua lagta hai tu",Harassment,Harassment,89,93
"Suwar ki nasal, tujh jaisa ganda insaan nahi dekha",Harassment,Harassment,82,88
"Mkc teri, bhadwe jaisa comment mat kar",Harassment,High-Risk Threat,87,91
Teri maa ki choot mein bomb phod dunga,High-Risk Threat,High-Risk Threat,97,99
"Chutiya banaya tune mujhe, ab teri wat laga dunga",High-Risk Threat,High-Risk Threat,84,90
"Randibaaz harami, gali mein nanga kar denge",High-Risk Threat,High-Risk Threat,91,95
"BC tera baap hu mai, respect de warna maarunga",High-Risk Threat,High-Risk Threat,86,92
Teri aukaat toilet saaf karne ki bhi nahi,High-Risk Threat,Harassment,79,87
"Lavde ke baal, bandar jaisa dikhta hai tu",High-Risk Threat,Harassment,81,88
Teri zindagi barbaad kar dunga haramkhor,High-Risk Threat,High-Risk Threat,83,90
Chodu logon ke liye comment karta hai tu?,High-Risk Threat,High-Risk Threat,90,94
"Bhosdike, tujhe pel ke rakh denge",High-Risk Threat,High-Risk Threat,94,97
Teri maa randi thi kya itna ganda muh?,High-Risk Threat,High-Risk Threat,92,95
Teri maa ki bhosdi ko petrol daal ke aag laga dunga aur teri behen ko uski laash pe thokunga madarchod!,High-Risk Threat,High-Risk Threat,99,99
Bhenchod teri puri family ko zinda dafn kar dunga aur teri maa ki chut se mitti nikaal ke khaunga!,High-Risk Threat,High-Risk Threat,99,99
"Gandu ke pille, teri gand mein acid daal ke andar tak jala dunga phir lund ghusa ke hasunga!",High-Risk Threat,High-Risk Threat,98,99
Teri behen ko 50 kutte se chudwa ke pregnant karwa dunga aur delivery live stream karunga randi ki aulaad!,High-Risk Threat,High-Risk Threat,99,99
"Chutiye harami, teri maa ko helicopter se latka ke 1000 logo ke saamne gangrape karwaunga!",High-Risk Threat,High-Risk Threat,99,99
Teri maa ki chut mein current daal ke bijli se jhatka dunga aur teri behen ko usi current se chodoonga!,High-Risk Threat,High-Risk Threat,98,99
Bhosdike teri khandan ki saari auraton ko sadak pe nanga kar ke kutte se chudwa ke video banaunga!,High-Risk Threat,High-Risk Threat,99,99
Tujhe zinda kaat ke tukde tukde kar dunga aur teri maa ko har tukda khila ke bolunga 'beta kha le'!,High-Risk Threat,High-Risk Threat,99,99
Madarchod teri maa ko bomb se udaa ke uske tukdon ko teri behen ki chut mein ghusa dunga!,High-Risk Threat,High-Risk Threat,99,99
Madarchod teri maa ki bhosdi mein bhadwe ka lund daal ke blast kar dunga!,High-Risk Threat,High-Risk Threat,99,99
Bhenchod teri behen ko 100 lund wale gangbang karwa ke video viral kar dunga randi ki nasal!,High-Risk Threat,High-Risk Threat,99,99
Teri maa ki chut mein aag laga ke jalaa dunga harami kutte ke bachche!,High-Risk Threat,High-Risk Threat,98,99
Gand marwa ke aaya hai kya lavde? Teri gand faad ke bhosda bana dunga!,High-Risk Threat,High-Risk Threat,97,99
Chutiye teri maa ko sadak pe nanga chod ke kutte se chudwaunga!,High-Risk Threat,High-Risk Threat,99,99
Bhosdike teri puri khandan ki behno ko pel ke pregnant kar dunga saalon!,High-Risk Threat,High-Risk Threat,98,99
"Teri maa randi, tera baap bhadwa, tu gandu ka gand ka keeda hai!",High-Risk Threat,High-Risk Threat,96,98
Tujhe zinda jala ke raakh bana dunga aur teri maa us raakh se apni chut saaf karegi!,High-Risk Threat,High-Risk Threat,97,99
"Chut marne wala harami, teri behen ko blue film mein hero banake 50 crore kamwaunga!",High-Risk Threat,High-Risk Threat,98,99
Teri maa ki bhosdi ko bomb se udaa dunga aur tujhe uske tukdon se khelne dunga!,High-Risk Threat,High-Risk Threat,99,99
"Randwa ke aulaad, teri zindagi barbaad kar ke tujhe sadak pe bheek mangwaunga!",High-Risk Threat,High-Risk Threat,95,98
Teri behen ki chut mein chili powder daal ke jala dunga phir video bana ke upload kar dunga!,High-Risk Threat,High-Risk Threat,99,99
"Bhadwe ki nasal, tujhe kutte ke saamne nanga kar ke gaand marwaunga!",High-Risk Threat,High-Risk Threat,98,99
Teri maa ko hotel mein 1000 logo se chudwa ke prostitute bana dunga saale!,High-Risk Threat,High-Risk Threat,98,99
"Gandu suar ke bachche, teri gand mein mirchi daal ke lund ghused dunga!",High-Risk Threat,High-Risk Threat,97,99
Teri puri family ko maar ke laashon se tera ghar saja dunga madarchod!,High-Risk Threat,High-Risk Threat,98,99
"Chodu harami, teri maa ki chut ko chain-saw se kaat ke tujhe khila dunga!",High-Risk Threat,High-Risk Threat,99,99
Teri behen ko pregnant kar ke abortion karwa ke video viral kar dunga kutiya!,High-Risk Threat,High-Risk Threat,98,99
Tujhe acid daal ke tera chehra jala dunga aur teri maa ko dikhake hasunga!,High-Risk Threat,High-Risk Threat,97,99
"Bhen ke lode, teri maa ko sadak pe kutte ke saath chudwa ke live stream karunga!",High-Risk Threat,High-Risk Threat,99,99
Teri maa ki bhosdi mein rocket daal ke space mein bhej dunga randi ke pille!,High-Risk Threat,High-Risk Threat,96,98
I'll fuck your mom's corpse after I slit her throat you worthless piece of shit!,High-Risk Threat,High-Risk Threat,99,99
Your sister’s getting gangbanged by 20 dogs on live stream while you watch you pathetic cuck!,High-Risk Threat,High-Risk Threat,99,99
I’ll pour gasoline down your mother’s cunt and light her up like a fucking bonfire!,High-Risk Threat,High-Risk Threat,99,99
Your whole family’s getting chainsawed into pieces and I’ll feed the chunks to your sister’s pussy!,High-Risk Threat,High-Risk Threat,99,99
I’ll shove a live grenade up your mom’s asshole and blow her guts across the room!,High-Risk Threat,High-Risk Threat,99,99
Your sister will be pregnant with triplets from horse cock before I leak the video everywhere!,High-Risk Threat,High-Risk Threat,99,99
I’ll acid-bath your face then fuck the melted holes while your mom screams!,High-Risk Threat,High-Risk Threat,99,99
Your mom’s getting turned into a human urinal at a truck stop for a month straight!,High-Risk Threat,High-Risk Threat,98,99
"I’ll cut your dick off, feed it to your sister, then skull-fuck her with the bloody stump!",High-Risk Threat,High-Risk Threat,99,99
Your entire bloodline gets executed and I’ll rape the corpses in front of your burning house!,High-Risk Threat,High-Risk Threat,99,99
I’ll electrocute your mom’s clit until she pisses blood then fuck her while she convulses!,High-Risk Threat,High-Risk Threat,99,99
Your sister’s holes are getting filled with broken glass then I’ll pound her till she bleeds out!,High-Risk Threat,High-Risk Threat,99,99
I’ll tie your mom to train tracks and let the train fuck her to pieces while I film it!,High-Risk Threat,High-Risk Threat,99,99
Your family gets skinned alive and I’ll wear their faces while fucking your sister’s corpse!,High-Risk Threat,High-Risk Threat,99,99
I’ll force your mom to eat her own chopped-off tits before I blow her brains out!,High-Risk Threat,High-Risk Threat,99,99
Your sister will be sold to a brothel where 100 men a day rip her apart!,High-Risk Threat,High-Risk Threat,99,99
I’ll drill holes in your mom’s skull and fuck the brain matter out of her head!,High-Risk Threat,High-Risk Threat,99,99
Your whole family gets crucified then set on fire while I piss on the flames!,High-Risk Threat,High-Risk Threat,99,99
I’ll impregnate your sister with a pig then cut the freak baby out live on stream!,High-Risk Threat,High-Risk Threat,99,99
Your mom’s getting her intestines pulled out through her cunt then used as a jump rope!,High-Risk Threat,High-Risk Threat,99,99
I’ll make your sister drink bleach then throat-fuck her while she chokes to death!,High-Risk Threat,High-Risk Threat,99,99
Your family’s heads will be on spikes outside my house while I fuck their eye sockets!,High-Risk Threat,High-Risk Threat,99,99
I’ll shove razor blades up your mom’s ass then make her shit them out one by one!,High-Risk Threat,High-Risk Threat,99,99
Your sister gets turned into a blow-up doll for a prison gangbang marathon!,High-Risk Threat,High-Risk Threat,99,99
I’ll melt your mom’s face with a blowtorch then skull-fuck the charred skull!,High-Risk Threat,High-Risk Threat,99,99
Your entire family gets fed into a woodchipper feet-first while I jerk off to the screams!,High-Risk Threat,High-Risk Threat,99,99
I’ll force your sister to fuck her own mother’s corpse with a strap-on before I kill her!,High-Risk Threat,High-Risk Threat,99,99
Your mom’s cunt gets filled with fire ants then sewn shut while she screams!,High-Risk Threat,High-Risk Threat,99,99
I’ll nail your sister’s tits to a wall and use her as a human dartboard!,High-Risk Threat,High-Risk Threat,99,99
Your family gets buried alive in a septic tank full of shit and I’ll piss on the dirt!,High-Risk Threat,High-Risk Threat,99,99
I’ll cut your mom open like a fish and fuck the gaping stomach wound!,High-Risk Threat,High-Risk Threat,99,99
Your sister’s getting drowned in cum from 500 strangers then revived to do it again!,High-Risk Threat,High-Risk Threat,99,99
I’ll freeze your mom’s body then shatter it with a sledgehammer and fuck the shards!,High-Risk Threat,High-Risk Threat,99,99
Your whole bloodline gets genocided and I’ll turn the mass grave into my personal toilet!,High-Risk Threat,High-Risk Threat,99,99
I’ll make your sister eat her own eyeballs then blind-fuck her bleeding sockets!,High-Risk Threat,High-Risk Threat,99,99
Your mom gets strapped to a rocket and launched while I fuck the exhaust!,High-Risk Threat,High-Risk Threat,98,99
I’ll rip your sister’s womb out and wear it as a hat while I skull-fuck her!,High-Risk Threat,High-Risk Threat,99,99
Your family gets fed alive to pigs and I’ll fuck the pigs after they digest you!,High-Risk Threat,High-Risk Threat,99,99
I’ll boil your mom alive then drink the soup while jerking off to her screams!,High-Risk Threat,High-Risk Threat,99,99
Your sister’s getting turned into a human centipede with your mom and dad!,High-Risk Threat,High-Risk Threat,99,99
I’ll hammer nails into your mom’s clit then pull them out with my teeth!,High-Risk Threat,High-Risk Threat,99,99
Your family gets crucified upside-down and I’ll piss gasoline on them before lighting!,High-Risk Threat,High-Risk Threat,99,99
I’ll force your sister to castrate herself then fuck the bleeding stump!,High-Risk Threat,High-Risk Threat,99,99
Your mom’s head gets mounted on my wall while I fuck her decapitated body!,High-Risk Threat,High-Risk Threat,99,99
I’ll make your entire family eat each other’s chopped-off limbs!,High-Risk Threat,High-Risk Threat,99,99
Your sister gets impaled on a stake then I’ll fuck the wound while she dies!,High-Risk Threat,High-Risk Threat,99,99
I’ll drown your mom in a vat of acid then fuck the dissolved remains!,High-Risk Threat,High-Risk Threat,99,99
Your family gets turned into ground beef and I’ll feed it back to your sister!,High-Risk Threat,High-Risk Threat,99,99
I’ll sew your sister’s mouth to your mom’s asshole then force them to shit in each other!,High-Risk Threat,High-Risk Threat,99,99
Your mom gets her bones broken one by one then I’ll fuck the shattered body!,High-Risk Threat,High-Risk Threat,99,99
I’ll make your sister give birth to a dead baby then fuck the afterbirth!,High-Risk Threat,High-Risk Threat,99,99
Your whole family gets vivisected alive and I’ll masturbate to their exposed organs!,High-Risk Threat,High-Risk Threat,99,99
I’ll force your mom to watch me rape and kill your sister then do the same to her!,High-Risk Threat,High-Risk Threat,99,99
Your sister’s getting her spine ripped out then used as a dildo on your mom!,High-Risk Threat,High-Risk Threat,99,99
I’ll fill your mom’s body with explosives and detonate her from the inside!,High-Risk Threat,High-Risk Threat,99,99
Your family gets turned into furniture and I’ll fuck your sister on the couch made from them!,High-Risk Threat,High-Risk Threat,99,99
I’ll make your sister eat razor blades then fuck her throat while she bleeds!,High-Risk Threat,High-Risk Threat,99,99
Your mom gets her tongue cut out then I’ll use it to jerk off!,High-Risk Threat,High-Risk Threat,99,99
I’ll chain your family in a pit of starving rats and film them getting eaten alive!,High-Risk Threat,High-Risk Threat,99,99
Your sister’s last breath will be me cumming down her throat while I strangle her to death!,High-Risk Threat,High-Risk Threat,99,99
I'll carve your mom's face off with a rusty knife then wear it while I fuck your sister's screaming mouth!,High-Risk Threat,High-Risk Threat,99,99
Your sister gets her limbs chainsawed off one by one then I’ll use the stumps to fuck her torso!,High-Risk Threat,High-Risk Threat,99,99
I’ll force your mom to swallow broken glass shards then throat-fuck her till her insides shred!,High-Risk Threat,High-Risk Threat,99,99
Your entire family gets impaled on giant meat hooks and I’ll swing them like piñatas full of blood!,High-Risk Threat,High-Risk Threat,99,99
I’ll pump your sister full of maggots then fuck her while they eat her from the inside out!,High-Risk Threat,High-Risk Threat,99,99
Your mom’s getting her jaw ripped off then I’ll skull-fuck the exposed throat hole!,High-Risk Threat,High-Risk Threat,99,99
I’ll make your sister watch me disembowel your mom alive then use the intestines as a noose!,High-Risk Threat,High-Risk Threat,99,99
Your family gets thrown into a pit of boiling oil and I’ll jerk off to their melting flesh!,High-Risk Threat,High-Risk Threat,99,99
I’ll staple your mom’s eyelids open then fuck her eye sockets while she’s still conscious!,High-Risk Threat,High-Risk Threat,99,99
Your sister’s pregnant belly gets sliced open and I’ll fuck the fetus before stomping it!,High-Risk Threat,High-Risk Threat,99,99
I’ll freeze your mom’s tits solid then shatter them with a hammer and make her eat the pieces!,High-Risk Threat,High-Risk Threat,99,99
Your whole bloodline gets fed through a meat grinder alive and I’ll drink the resulting slurry!,High-Risk Threat,High-Risk Threat,99,99
I’ll sew your sister’s pussy shut with barbed wire then rip it open again with my cock!,High-Risk Threat,High-Risk Threat,99,99
Your mom gets crucified naked in public then I’ll set her on fire and piss on the ashes!,High-Risk Threat,High-Risk Threat,99,99
I’ll force your sister to castrate your dad with her teeth then fuck her bloody mouth!,High-Risk Threat,High-Risk Threat,99,99
Your family gets buried up to their necks in concrete and I’ll use their heads as urinals!,High-Risk Threat,High-Risk Threat,99,99
I’ll drill your mom’s brain out through her nose then fuck the empty skull cavity!,High-Risk Threat,High-Risk Threat,99,99
Your sister gets her spine snapped in half then I’ll fold her in two and fuck both ends!,High-Risk Threat,High-Risk Threat,99,99
I’ll make your mom gargle battery acid then throat-fuck her dissolving throat!,High-Risk Threat,High-Risk Threat,99,99
Your entire family gets vivisected and their organs harvested while I fuck the open cavities!,High-Risk Threat,High-Risk Threat,99,99
I’ll tie your sister spread-eagle and let vultures peck out her eyes and genitals!,High-Risk Threat,High-Risk Threat,99,99
Your mom’s getting her tongue pulled out through her asshole then used as a leash!,High-Risk Threat,High-Risk Threat,99,99
I’ll force your family to eat each other’s cooked flesh while I film their last meal!,High-Risk Threat,High-Risk Threat,99,99
Your sister gets injected with flesh-eating bacteria then I’ll fuck the rotting holes!,High-Risk Threat,High-Risk Threat,99,99
I’ll hang your mom by her intestines from a bridge then swing her like a pendulum!,High-Risk Threat,High-Risk Threat,99,99
Your family gets turned into human sushi and I’ll eat them raw while fucking your sister!,High-Risk Threat,High-Risk Threat,99,99
I’ll make your sister’s womb explode with fireworks then fuck the bloody crater!,High-Risk Threat,High-Risk Threat,99,99
Your mom gets her ribs cracked open like a book then I’ll read her organs while fucking!,High-Risk Threat,High-Risk Threat,99,99
I’ll drown your family in a pool of their own blood and jerk off underwater!,High-Risk Threat,High-Risk Threat,99,99
Your sister’s getting her face peeled off then I’ll wear it as a mask while raping her!,High-Risk Threat,High-Risk Threat,99,99
I’ll force your mom to fuck a blender then turn it on high while I watch!,High-Risk Threat,High-Risk Threat,99,99
Your whole bloodline gets dissolved in acid and I’ll use the liquid to lube my next fuck!,High-Risk Threat,High-Risk Threat,99,99
I’ll nail your sister’s hands and feet to the floor then fuck her till the nails tear through!,High-Risk Threat,High-Risk Threat,99,99
Your mom gets her skull bashed in with a brick then I’ll fuck the brain mush!,High-Risk Threat,High-Risk Threat,99,99
I’ll make your family play Russian roulette with their own cocks and pussies!,High-Risk Threat,High-Risk Threat,99,99
Your sister gets strapped to a table and I’ll carve my name into her flesh with a hot knife!,High-Risk Threat,High-Risk Threat,99,99
I’ll feed your mom’s chopped-off limbs to starving dogs while she watches bleeding out!,High-Risk Threat,High-Risk Threat,99,99
Your family gets thrown into a shark tank alive and I’ll fuck your sister underwater!,High-Risk Threat,High-Risk Threat,99,99
I’ll rip your sister’s heart out still beating then fuck the chest cavity!,High-Risk Threat,High-Risk Threat,99,99
Your mom’s getting her spine ripped out through her mouth then used as a whip!,High-Risk Threat,High-Risk Threat,99,99
I’ll force your sister to eat her own aborted fetus then fuck her vomit-covered face!,High-Risk Threat,High-Risk Threat,99,99
Your family gets electrocuted on a giant grid while I masturbate to the twitching!,High-Risk Threat,High-Risk Threat,99,99
I’ll make your mom’s cunt into a glory hole for a prison yard then seal it with cement!,High-Risk Threat,High-Risk Threat,99,99
Your sister gets her bones slowly crushed in a hydraulic press then I’ll fuck the pulp!,High-Risk Threat,High-Risk Threat,99,99
I’ll hang your mom upside down and drain her blood into bottles then drink it!,High-Risk Threat,High-Risk Threat,99,99
Your family gets turned into living furniture and I’ll sit on your sister’s face forever!,High-Risk Threat,High-Risk Threat,99,99
I’ll force your sister to fuck a corpse of your mom while I film it for blackmail!,High-Risk Threat,High-Risk Threat,99,99
Your mom gets her eyes gouged out then I’ll use them as marbles while fucking her sockets!,High-Risk Threat,High-Risk Threat,99,99
I’ll make your entire family suffocate in a plastic bag while I jerk off outside!,High-Risk Threat,High-Risk Threat,99,99
Your sister’s last words will be my cum choking her as I strangle her with her own hair!,High-Risk Threat,High-Risk Threat,99,99
Teri maa ki bhosdi mein patthar bhar ke hammer se thok dunga phir uske tukdon se teri behen ko pelunga madarchod!,High-Risk Threat,High-Risk Threat,99,99
Teri behen ko 50 kutte se chudwa ke uski chut se khoon nikalne tak video banaunga randi ki nasal!,High-Risk Threat,High-Risk Threat,99,99
Teri maa ko zinda jala ke uski raakh teri behen ki chut mein ghusa dunga harami kutte!,High-Risk Threat,High-Risk Threat,99,99
Teri puri family ko chain-saw se tukde tukde kar ke teri maa ke tukdon se teri behen ko chodoonga!,High-Risk Threat,High-Risk Threat,99,99
Teri maa ki chut mein acid daal ke andar tak jala dunga phir uske jalte hue muh mein lund ghusa dunga!,High-Risk Threat,High-Risk Threat,99,99
Teri behen ko pregnant kar ke abortion karwa ke uska baccha teri maa ko khila dunga saale!,High-Risk Threat,High-Risk Threat,99,99
Teri maa ko sadak pe nanga latka ke 1000 logo ke saamne kutte se chudwaunga live stream pe!,High-Risk Threat,High-Risk Threat,99,99
Teri behen ki chut mein current daal ke bijli se jhatka dunga phir usi current se teri maa ko marunga!,High-Risk Threat,High-Risk Threat,99,99
Teri maa ki bhosdi ko bomb se udaa ke uske tukdon ko teri behen ke muh mein thoon dunga!,High-Risk Threat,High-Risk Threat,99,99
Teri puri khandan ko zinda dafn kar ke teri maa ki laash pe teri behen ko thokunga!,High-Risk Threat,High-Risk Threat,99,99
Teri behen ko blue film mein hero banake teri maa ko bhi usmein pelwa ke viral kar dunga!,High-Risk Threat,High-Risk Threat,99,99
Teri maa ki chut ko chainsaw se kaat ke uske khoon se teri behen ko nahla dunga!,High-Risk Threat,High-Risk Threat,99,99
Teri behen ko 500 logo se gangbang karwa ke uski chut faad ke khoon nikaal dunga!,High-Risk Threat,High-Risk Threat,99,99
Teri maa ko helicopter se latka ke neeche se 1000 lund wale pel denge saale!,High-Risk Threat,High-Risk Threat,99,99
Teri behen ki gand mein mirchi powder daal ke jala dunga phir lund ghusa ke hasunga!,High-Risk Threat,High-Risk Threat,99,99
Teri maa ko kutte ke saath shaadi karwa ke honeymoon pe kutte se chudwaunga!,High-Risk Threat,High-Risk Threat,99,99
Teri puri family ko zinda kaat ke laashon se ghar saja dunga aur teri behen ko usmein thokunga!,High-Risk Threat,High-Risk Threat,99,99
Teri maa ki bhosdi mein rocket daal ke space mein bhej dunga phir wapas laake teri behen ko pelunga!,High-Risk Threat,High-Risk Threat,99,99
Teri behen ko pregnant kar ke delivery ke time uski chut faad ke baccha bahar nikaal dunga!,High-Risk Threat,High-Risk Threat,99,99
Teri maa ko jail mein bhej ke 1000 kaidi se roz gangrape karwaunga har roz!,High-Risk Threat,High-Risk Threat,99,99
Teri behen ki chut mein chili powder + petrol daal ke aag laga dunga!,High-Risk Threat,High-Risk Threat,99,99
Teri maa ko acid mein dubo ke uske bikharte hue jism ko teri behen ke muh mein thoon dunga!,High-Risk Threat,High-Risk Threat,99,99
Teri puri khandan ko woodchipper mein daal ke uske khoon se teri behen ko nahlaunga!,High-Risk Threat,High-Risk Threat,99,99
Teri behen ko kutte se pregnant karwa ke uska janwar baccha teri maa ko khila dunga!,High-Risk Threat,High-Risk Threat,99,99
Teri maa ki chut ko drill machine se ched kar andar tak lund ghusa dunga!,High-Risk Threat,High-Risk Threat,99,99
Teri behen ko zinda jala ke uski laash pe teri maa ko thokne pe majboor karunga!,High-Risk Threat,High-Risk Threat,99,99
Teri maa ko nanga kar ke sadak pe kutte ke saath chudwa ke video viral kar dunga!,High-Risk Threat,High-Risk Threat,99,99
Teri behen ki gand mein current wala wire daal ke bijli se maar dunga!,High-Risk Threat,High-Risk Threat,99,99
Teri puri family ko zinda kaat ke har tukde ko teri maa ki chut mein ghusa dunga!,High-Risk Threat,High-Risk Threat,99,99
Teri maa ko bomb se udaa ke uske tukdon se teri behen ki chut saaf karwaunga!,High-Risk Threat,High-Risk Threat,99,99
Teri behen ko horse se chudwa ke pregnant karwa dunga phir video banaunga!,High-Risk Threat,High-Risk Threat,99,99
Teri maa ki bhosdi ko petrol daal ke match laga ke jalaa dunga!,High-Risk Threat,High-Risk Threat,99,99
Teri behen ko 100 logo ke saamne nanga kar ke gangbang karwa ke laash bana dunga!,High-Risk Threat,High-Risk Threat,99,99
Teri maa ko zinda dafn kar ke uske upar teri behen ko thokne pe majboor karunga!,High-Risk Threat,High-Risk Threat,99,99
Teri behen ki chut mein razor blades daal ke lund ghusa ke khoon nikaal dunga!,High-Risk Threat,High-Risk Threat,99,99
Teri maa ko kutte ke saath video bana ke usko blackmail karunga har roz!,High-Risk Threat,High-Risk Threat,99,99
Teri puri khandan ko acid tank mein daal ke uske pani se teri behen ko nahlaunga!,High-Risk Threat,High-Risk Threat,99,99
Teri behen ko pregnant kar ke delivery ke waqt uski pet faad dunga!,High-Risk Threat,High-Risk Threat,99,99
Teri maa ki chut ko firecracker se phaad ke uske tukdon ko teri behen ko khila dunga!,High-Risk Threat,High-Risk Threat,99,99
Teri behen ko jail ke kaidiyon se roz 100 baar gangrape karwaunga!,High-Risk Threat,High-Risk Threat,99,99
Teri maa ko zinda kaat ke uske khoon se teri behen ke muh ko dhona dunga!,High-Risk Threat,High-Risk Threat,99,99
Teri behen ki gand ko drill se ched kar andar tak current daal dunga!,High-Risk Threat,High-Risk Threat,99,99
Teri maa ko nanga kar ke sadak pe 100 kutte se chudwa ke laash bana dunga!,High-Risk Threat,High-Risk Threat,99,99
Teri behen ko maggots se bhara hua lund ghusa ke andar tak khila dunga!,High-Risk Threat,High-Risk Threat,99,99
Teri puri family ko zinda jala ke uski raakh se teri maa ki chut saaf karwaunga!,High-Risk Threat,High-Risk Threat,99,99
Teri behen ko horse cock se pregnant karwa ke video viral kar dunga!,High-Risk Threat,High-Risk Threat,99,99
Teri maa ki bhosdi mein petrol bomb daal ke andar se phaad dunga!,High-Risk Threat,High-Risk Threat,99,99
Teri behen ko acid se chehra jala ke uske melted muh mein lund ghusa dunga!,High-Risk Threat,High-Risk Threat,99,99
Teri maa ko zinda kaat ke har hisse ko teri behen ke muh mein thoon dunga!,High-Risk Threat,High-Risk Threat,99,99
Teri behen ki last saans meri cum ke saath hogi jab mai uska gala daba ke maar dunga!,High-Risk Threat,High-Risk Threat,99,99
Your bank account has been temporarily suspended. Verify immediately.,High-Risk Threat,High-Risk Threat,75,95
Urgent: suspicious transaction detected. Click link to secure account.,High-Risk Threat,High-Risk Threat,78,96
Your KYC is incomplete. Update now to avoid service disruption.,High-Risk Threat,High-Risk Threat,74,94
We noticed unusual login activity. Confirm your details now.,High-Risk Threat,High-Risk Threat,76,95
Your debit card will be blocked today if not verified.,High-Risk Threat,High-Risk Threat,77,95
Click here to reactivate your frozen bank account.,High-Risk Threat,High-Risk Threat,79,96
Final notice: verify your payment credentials immediately.,High-Risk Threat,High-Risk Threat,80,96
Your UPI access is restricted. Share PIN to restore.,High-Risk Threat,High-Risk Threat,85,97
Account security alert: reset password using this link.,High-Risk Threat,High-Risk Threat,72,94
We are unable to process your refund without verification.,High-Risk Threat,High-Risk Threat,70,93
Income tax refund pending. Submit bank details now.,High-Risk Threat,High-Risk Threat,78,95
Your loan approval is on hold. Pay processing fee now.,High-Risk Threat,High-Risk Threat,82,96
Congratulations! You have won a prize. Claim by paying charges.,High-Risk Threat,High-Risk Threat,80,96
Amazon order failed. Confirm payment details immediately.,High-Risk Threat,High-Risk Threat,77,95
Your Paytm wallet is blocked. Click to unblock.,High-Risk Threat,High-Risk Threat,79,96
This is SBI support. Share OTP to cancel fraudulent transfer.,High-Risk Threat,High-Risk Threat,88,97
Bank executive here. Verify account to avoid closure.,High-Risk Threat,High-Risk Threat,83,96
We detected malware on your device. Pay to secure it.,High-Risk Threat,High-Risk Threat,81,96
Your crypto wallet is compromised. Transfer funds immediately.,High-Risk Threat,High-Risk Threat,84,97
Update Aadhaar-linked bank details to avoid penalty.,High-Risk Threat,High-Risk Threat,76,95
Your insurance policy is expiring. Renew by payment now.,High-Risk Threat,High-Risk Threat,73,94
Electricity bill unpaid. Pay now to avoid disconnection.,High-Risk Threat,High-Risk Threat,72,94
Your SIM will be deactivated today. Verify identity.,High-Risk Threat,High-Risk Threat,75,95
We could not deliver your package. Update address details.,High-Risk Threat,High-Risk Threat,71,93
Pay customs clearance fee to receive your parcel.,High-Risk Threat,High-Risk Threat,78,95
Your credit score will drop. Pay overdue amount now.,High-Risk Threat,High-Risk Threat,80,96
Fast loan approved instantly. Pay registration charges.,High-Risk Threat,High-Risk Threat,82,96
We are holding your funds for verification.,High-Risk Threat,High-Risk Threat,74,94
Pay verification fee to unlock your account.,High-Risk Threat,High-Risk Threat,79,96
Your salary transfer failed. Confirm bank login.,High-Risk Threat,High-Risk Threat,77,95
Your wallet balance will expire. Act now.,High-Risk Threat,High-Risk Threat,70,93
Urgent GST notice. Pay penalty immediately.,High-Risk Threat,High-Risk Threat,83,96
Your PAN is blocked. Verify to restore access.,High-Risk Threat,High-Risk Threat,76,95
Cashback pending. Enter card details to receive.,High-Risk Threat,High-Risk Threat,78,95
Subscription renewal failed. Update payment info.,High-Risk Threat,High-Risk Threat,73,94
Your account is under review. Share details to resolve.,High-Risk Threat,High-Risk Threat,75,95
Transfer money to secure your funds.,High-Risk Threat,High-Risk Threat,81,96
Verification failed. Retry with correct credentials.,High-Risk Threat,High-Risk Threat,74,94
Confirm net banking ID to avoid lock.,High-Risk Threat,High-Risk Threat,76,95
Pay small fee to activate premium services.,High-Risk Threat,High-Risk Threat,72,94
Your account is flagged. Immediate action required.,High-Risk Threat,High-Risk Threat,78,95
We need confirmation to process your withdrawal.,High-Risk Threat,High-Risk Threat,73,94
This is last reminder to verify your identity.,High-Risk Threat,High-Risk Threat,80,96
Funds credited mistakenly. Return amount urgently.,High-Risk Threat,High-Risk Threat,82,96
Confirm transaction to avoid legal action.,High-Risk Threat,High-Risk Threat,85,97
Your digital wallet is inactive. Reactivate now.,High-Risk Threat,High-Risk Threat,74,94
Account upgrade required. Pay processing charges.,High-Risk Threat,High-Risk Threat,79,96
Verify bank details to receive pending amount.,High-Risk Threat,High-Risk Threat,75,95
Your payment gateway access is revoked.,High-Risk Threat,High-Risk Threat,77,95
Immediate verification needed to prevent account freeze.,High-Risk Threat,High-Risk Threat,80,96
"Teri maa ki bhosdi, 50,000 UPI kar warna teri behen ki nangi video sabko bhej dunga madarchod!",High-Risk Threat,High-Risk Threat,98,99
Bhenchod 2 lakh transfer kar nahi to teri maa ki chut ka screenshot viral kar dunga harami!,High-Risk Threat,High-Risk Threat,99,99
"Teri behen ki private pics mere paas hai, 1 lakh nahi bheja to WhatsApp group mein daal dunga kutiya!",High-Risk Threat,High-Risk Threat,98,99
Fake loan liya tune? 5 lakh bhej warna teri family ko sadak pe nanga karwa dunga saale!,High-Risk Threat,High-Risk Threat,97,98
"Teri maa randi, mera 3 lakh wapas kar warna teri behen ko blue film star bana dunga!",High-Risk Threat,High-Risk Threat,99,99
"UPI fraud karne wala harami, 10 lakh daal nahi to teri behen ki gaand ka video viral!",High-Risk Threat,High-Risk Threat,98,99
"Teri maa ki bhosdi, investment scam ka paisa wapas nahi kiya to teri puri family ki nudes leak!",High-Risk Threat,High-Risk Threat,99,99
Bhadwe 1.5 lakh bhej warna teri behen ko 100 logo ke saath gangbang video bana ke bhej dunga!,High-Risk Threat,High-Risk Threat,99,99
Teri maa ko sadak pe prostitute bana dunga agar 4 lakh nahi transfer kiya to kutte!,High-Risk Threat,High-Risk Threat,98,99
"Fake job offer liya? 80,000 bhej nahi to teri maa ki randi video sabko forward kar dunga!",High-Risk Threat,High-Risk Threat,97,98
"Teri behen ki nangi selfie mere paas, 2.5 lakh daal warna Instagram pe story daal dunga!",High-Risk Threat,High-Risk Threat,98,99
"Crypto scam wala chutiye, mera paisa wapas kar warna teri maa ko live nude show karwaunga!",High-Risk Threat,High-Risk Threat,99,99
Teri maa ki chut mein bomb daal dunga agar 3 lakh nahi bheja to madarchod!,High-Risk Threat,High-Risk Threat,99,99
"Bhen ke lode, trading app scam ka paisa wapas kar warna teri behen ko escort bana dunga!",High-Risk Threat,High-Risk Threat,98,99
Teri puri family ki private chat leak kar dunga 1 lakh nahi bheja to harami!,High-Risk Threat,High-Risk Threat,97,98
"Fake gift card scam kiya tune? 50,000 daal warna teri maa ki chut ka closeup bhej dunga!",High-Risk Threat,High-Risk Threat,98,99
Teri behen ko sugar daddy bana ke roz 10 logo se chudwaunga agar paisa nahi aaya!,High-Risk Threat,High-Risk Threat,99,99
Mera 7 lakh wapas kar warna teri maa ko red light area mein bhej dunga kutiya!,High-Risk Threat,High-Risk Threat,98,99
Teri maa randi thi kya? 2 lakh bhej warna teri behen ki nudes dark web pe daal dunga!,High-Risk Threat,High-Risk Threat,99,99
"Loan app blackmail wala, 1.2 lakh daal warna teri family ko suicide note ke saath expose!",High-Risk Threat,High-Risk Threat,98,99
"Teri behen ki video call recording mere paas, 90,000 transfer kar warna viral!",High-Risk Threat,High-Risk Threat,99,99
"Investment fraud chutiye, paisa nahi aaya to teri maa ko gangbang live karwaunga!",High-Risk Threat,High-Risk Threat,99,99
"Teri maa ki bhosdi, 4 lakh bhej warna teri behen ko porn site pe upload kar dunga!",High-Risk Threat,High-Risk Threat,98,99
"Fake friend request karke scam kiya? 60,000 daal warna teri puri family ki nudes!",High-Risk Threat,High-Risk Threat,97,98
Teri behen ko OnlyFans pe daal ke roz chudwaunga agar 3 lakh nahi bheja to!,High-Risk Threat,High-Risk Threat,99,99
"Mera paisa lootne wala harami, 5 lakh wapas kar warna teri maa ki randi video banaunga!",High-Risk Threat,High-Risk Threat,98,99
"Teri maa ko blackmail karunga roz 20,000 mang ke warna behen ki gaand faad dunga!",High-Risk Threat,High-Risk Threat,99,99
Crypto wallet hack kiya tune? 8 lakh bhej warna teri family ko barbaad kar dunga!,High-Risk Threat,High-Risk Threat,98,99
Teri behen ki intimate photo edit karke viral kar dunga 1.5 lakh nahi aaya to!,High-Risk Threat,High-Risk Threat,97,98
"Fake dating app wala, 70,000 transfer kar warna teri maa ki nude deepfake bana dunga!",High-Risk Threat,High-Risk Threat,99,99
"Teri maa ki chut, 2.8 lakh bhej warna teri behen ko escort service mein daal dunga!",High-Risk Threat,High-Risk Threat,98,99
Investment app scam ka paisa wapas kar warna teri puri khandan ki video leak!,High-Risk Threat,High-Risk Threat,99,99
Teri behen ko blackmail karunga har roz nanga video mang ke saale!,High-Risk Threat,High-Risk Threat,98,99
"Loan recovery agent hu, 4.5 lakh daal warna teri maa ko sadak pe kutte se chudwaunga!",High-Risk Threat,High-Risk Threat,99,99
"Teri maa randi, mera scam paisa wapas kar warna teri behen ki live sex video banaunga!",High-Risk Threat,High-Risk Threat,99,99
"Fake recharge karke paisa lootne wala, 1 lakh bhej warna teri family expose!",High-Risk Threat,High-Risk Threat,97,98
"Teri behen ki nudes ke badle 3 lakh maang raha hu, nahi diya to viral kar dunga!",High-Risk Threat,High-Risk Threat,99,99
Teri maa ko online auction pe daal dunga agar paisa nahi aaya to kutte ke pille!,High-Risk Threat,High-Risk Threat,98,99
"Crypto investment fraud, 6 lakh wapas kar warna teri behen ko gangrape video bana dunga!",High-Risk Threat,High-Risk Threat,99,99
"Teri maa ki bhosdi, daily 10,000 bhej warna teri behen ko porn addict bana dunga!",High-Risk Threat,High-Risk Threat,98,99
"Fake gift scam wala harami, 50,000 transfer kar warna teri maa ki chut viral!",High-Risk Threat,High-Risk Threat,97,98
Teri behen ko sugar baby bana ke roz paisa vasoolunga nahi to barbaad!,High-Risk Threat,High-Risk Threat,99,99
"Mera paisa lootne wala chutiye, 9 lakh daal warna teri family ki laash bana dunga!",High-Risk Threat,High-Risk Threat,99,99
Teri maa ko sextortion karunga roz video call pe nanga dikhane ke liye!,High-Risk Threat,High-Risk Threat,98,99
Fake app download karwaya tune? 1.8 lakh bhej warna teri behen ki gaand ka video!,High-Risk Threat,High-Risk Threat,97,98
"Teri behen ki private video mere paas, 4 lakh ransom daal warna sabko bhej dunga!",High-Risk Threat,High-Risk Threat,99,99
"Teri maa randi, investment ka paisa wapas kar warna teri puri family ko sadak pe!",High-Risk Threat,High-Risk Threat,98,99
"Crypto wallet lootne wala, 7.5 lakh bhej warna teri behen ko dark web pe sell kar dunga!",High-Risk Threat,High-Risk Threat,99,99
"Teri maa ki chut, last warning 2.2 lakh transfer kar warna teri behen ki life barbaad!",High-Risk Threat,High-Risk Threat,98,99
"Bhenchod scam king, sab paisa wapas kar warna teri maa aur behen dono ko porn industry mein daal dunga!",High-Risk Threat,High-Risk Threat,99,99
Your bank account shows unusual activity. Verify immediately.,High-Risk Threat,High-Risk Threat,75,95
Urgent alert: confirm your account details to avoid suspension.,High-Risk Threat,High-Risk Threat,77,95
Your UPI service is temporarily disabled. Share PIN to restore.,High-Risk Threat,High-Risk Threat,85,97
Account security breach detected. Reset password now.,High-Risk Threat,High-Risk Threat,74,94
Your debit card is blocked due to failed verification.,High-Risk Threat,High-Risk Threat,76,95
Click the link to prevent permanent account freeze.,High-Risk Threat,High-Risk Threat,78,96
Final warning: update bank KYC immediately.,High-Risk Threat,High-Risk Threat,80,96
Your wallet balance is on hold. Verify now.,High-Risk Threat,High-Risk Threat,73,94
Suspicious login detected. Confirm identity instantly.,High-Risk Threat,High-Risk Threat,76,95
Refund failed. Enter card details to receive amount.,High-Risk Threat,High-Risk Threat,79,96
Income tax notice issued. Pay penalty now.,High-Risk Threat,High-Risk Threat,83,96
Your loan application is approved. Pay processing fee.,High-Risk Threat,High-Risk Threat,82,96
Congratulations! Lottery prize won. Claim with charges.,High-Risk Threat,High-Risk Threat,80,96
Order delivery failed. Update payment details.,High-Risk Threat,High-Risk Threat,75,95
Your Paytm wallet is restricted. Click to restore.,High-Risk Threat,High-Risk Threat,77,95
This is bank support. Share OTP to cancel transfer.,High-Risk Threat,High-Risk Threat,88,97
Verify your account now to avoid permanent closure.,High-Risk Threat,High-Risk Threat,84,96
Malware detected on device. Pay to secure funds.,High-Risk Threat,High-Risk Threat,81,96
Crypto wallet compromised. Move funds urgently.,High-Risk Threat,High-Risk Threat,86,97
Update Aadhaar-linked bank info to avoid fine.,High-Risk Threat,High-Risk Threat,76,95
Insurance renewal pending. Pay now to continue cover.,High-Risk Threat,High-Risk Threat,74,94
Electricity bill unpaid. Immediate payment required.,High-Risk Threat,High-Risk Threat,73,94
SIM verification failed. Reactivate immediately.,High-Risk Threat,High-Risk Threat,75,95
Package held at customs. Pay clearance charges.,High-Risk Threat,High-Risk Threat,78,95
Credit card limit exceeded. Pay due amount now.,High-Risk Threat,High-Risk Threat,80,96
Instant loan approved. Pay registration amount.,High-Risk Threat,High-Risk Threat,82,96
Funds are on hold due to verification issues.,High-Risk Threat,High-Risk Threat,74,94
Pay verification fee to unlock wallet.,High-Risk Threat,High-Risk Threat,79,96
Salary credit failed. Confirm bank login details.,High-Risk Threat,High-Risk Threat,77,95
Your reward points will expire. Act now.,High-Risk Threat,High-Risk Threat,70,93
Urgent GST demand notice. Pay immediately.,High-Risk Threat,High-Risk Threat,84,96
PAN verification failed. Restore access now.,High-Risk Threat,High-Risk Threat,76,95
Cashback credited wrongly. Refund urgently.,High-Risk Threat,High-Risk Threat,82,96
Subscription auto-renewal failed. Update card info.,High-Risk Threat,High-Risk Threat,73,94
Account flagged for suspicious behavior.,High-Risk Threat,High-Risk Threat,78,95
Withdrawal request pending. Verify credentials.,High-Risk Threat,High-Risk Threat,75,95
Transfer funds now to prevent loss.,High-Risk Threat,High-Risk Threat,83,96
Verification attempt failed. Retry immediately.,High-Risk Threat,High-Risk Threat,74,94
Net banking access will be locked today.,High-Risk Threat,High-Risk Threat,76,95
Activate premium account by paying small fee.,High-Risk Threat,High-Risk Threat,72,94
Account under compliance review. Respond now.,High-Risk Threat,High-Risk Threat,78,95
Confirm details to process your withdrawal.,High-Risk Threat,High-Risk Threat,73,94
Last reminder: identity verification pending.,High-Risk Threat,High-Risk Threat,80,96
Funds credited by mistake. Return immediately.,High-Risk Threat,High-Risk Threat,82,96
Confirm transaction to avoid legal consequences.,High-Risk Threat,High-Risk Threat,85,97
Your wallet is inactive. Reactivate now.,High-Risk Threat,High-Risk Threat,74,94
Account upgrade required. Pay service charge.,High-Risk Threat,High-Risk Threat,79,96
Verify bank account to receive pending funds.,High-Risk Threat,High-Risk Threat,75,95
Payment gateway access suspended. Verify now.,High-Risk Threat,High-Risk Threat,77,95
Immediate action required to prevent fund freeze.,High-Risk Threat,High-Risk Threat,80,96
"Bhai, aapka UPI transaction fraud detect ho gaya hai, jaldi se 50,000 rupees transfer kar do warna bank account freeze ho jayega.",High-Risk Threat,High-Risk Threat,82,90
Loan app se paise liye the na? 1.5 lakh refund kar do warna family members ko sab inform kar denge.,High-Risk Threat,High-Risk Threat,80,88
"Aapki private photos hamare paas hain, 70,000 transfer kar do warna social media pe share kar denge.",High-Risk Threat,High-Risk Threat,85,92
"Investment scam ka paisa wapas nahi kiya to police complaint file kar denge, 2 lakh abhi bhej do.",High-Risk Threat,High-Risk Threat,83,91
"Aapka credit score down ho jayega agar 55,000 nahi bheje, jaldi UPI kar do please.",High-Risk Threat,High-Risk Threat,79,87
"Fake job offer accept kiya tha? 85,000 refund kar do warna company ko email kar denge.",High-Risk Threat,High-Risk Threat,81,89
"Aapki video call recording save hai, 90,000 bhej do warna viral ho jayegi.",High-Risk Threat,High-Risk Threat,84,92
"Crypto investment fraud detect hua, 2.8 lakh wapas kar do warna wallet block ho jayega.",High-Risk Threat,High-Risk Threat,82,90
"Loan recovery agent bol raha hu, 1.7 lakh abhi transfer kar do warna legal notice jayega.",High-Risk Threat,High-Risk Threat,80,88
"Aapki personal details dark web pe sell ho rahi hain, 60,000 bhej do warna leak ho jayengi.",High-Risk Threat,High-Risk Threat,86,93
"Trading app scam ka paisa wapas kar do, 1.8 lakh nahi aaya to account permanent suspend.",High-Risk Threat,High-Risk Threat,81,89
"Aapki family photos hamare paas hain, 65,000 transfer kar do warna group mein share kar denge.",High-Risk Threat,High-Risk Threat,83,91
"Fake gift card use kiya tha? 45,000 refund kar do warna police report file ho jayegi.",High-Risk Threat,High-Risk Threat,79,87
"Aapki intimate chats save hain, 1.2 lakh bhej do warna sab contacts ko forward kar denge.",High-Risk Threat,High-Risk Threat,84,92
"Investment plan fraud hua, 3.5 lakh wapas kar do warna company ko inform kar denge.",High-Risk Threat,High-Risk Threat,82,90
"Mobile number hack ho gaya hai, 50,000 security ke liye bhej do warna data delete nahi hoga.",High-Risk Threat,High-Risk Threat,80,88
"Dating app pe fake profile banaya, 70,000 transfer kar do warna screenshots viral.",High-Risk Threat,High-Risk Threat,81,89
"Crypto transaction fail hua, 2 lakh refund kar do warna bank se legal action hoga.",High-Risk Threat,High-Risk Threat,83,91
"Aapki private video hamare paas hai, 85,000 bhej do warna online upload ho jayegi.",High-Risk Threat,High-Risk Threat,85,93
"Fake recharge scam kiya tha, 40,000 wapas kar do warna number block kar denge.",High-Risk Threat,High-Risk Threat,78,86
"Bank details leak ho gayi hain, 95,000 security fee bhej do warna account khali ho jayega.",High-Risk Threat,High-Risk Threat,82,90
"Loan app fraud detect hua, 1.4 lakh payment kar do warna credit bureau report jayegi.",High-Risk Threat,High-Risk Threat,81,89
"Aapki photo edit karke viral kar denge, 75,000 abhi bhej do.",High-Risk Threat,High-Risk Threat,84,92
"Investment return guarantee tha, 3 lakh wapas kar do warna police complaint.",High-Risk Threat,High-Risk Threat,80,88
"Personal information sell ho rahi hai, 55,000 bhej do warna aur zyada leak.",High-Risk Threat,High-Risk Threat,83,91
"Fake friend request se scam kiya, 50,000 transfer kar do warna contacts ko bata denge.",High-Risk Threat,High-Risk Threat,79,87
"Crypto wallet hack hua, 2.5 lakh recover ke liye bhej do warna permanent loss.",High-Risk Threat,High-Risk Threat,82,90
"Aapki chat history hamare paas hai, 1 lakh bhej do warna sabko forward.",High-Risk Threat,High-Risk Threat,84,92
Last warning: 1.3 lakh transfer kar do warna job pe asar padega.,High-Risk Threat,High-Risk Threat,81,89
"Fake app download karwaya, 60,000 refund kar do warna device lock ho jayega.",High-Risk Threat,High-Risk Threat,80,88
"Aapka data dark web pe hai, 70,000 security ke liye bhej do.",High-Risk Threat,High-Risk Threat,83,91
"Investment scheme fraud, 4 lakh wapas kar do warna cyber cell case.",High-Risk Threat,High-Risk Threat,82,90
"Aapki video hamare paas hai, 80,000 bhej do warna online post kar denge.",High-Risk Threat,High-Risk Threat,85,93
Trading loss cover karne ke liye 2.2 lakh bhej do warna account suspend.,High-Risk Threat,High-Risk Threat,81,89
"Fake gift scam, 45,000 transfer kar do warna police report.",High-Risk Threat,High-Risk Threat,78,86
"Family details leak ho jayengi, 65,000 abhi bhej do.",High-Risk Threat,High-Risk Threat,83,91
"Loan default hua, 1.8 lakh payment kar do warna court notice.",High-Risk Threat,High-Risk Threat,80,88
"Crypto investment refund, 3.2 lakh bhej do warna legal action.",High-Risk Threat,High-Risk Threat,82,90
"Private images save hain, 90,000 transfer kar do warna share.",High-Risk Threat,High-Risk Threat,84,92
"Fake recharge se scam, 35,000 wapas kar do warna number disable.",High-Risk Threat,High-Risk Threat,79,87
"Dating profile fraud, 60,000 bhej do warna screenshots viral.",High-Risk Threat,High-Risk Threat,81,89
"Investment return guarantee thi, 2.7 lakh wapas kar do warna police.",High-Risk Threat,High-Risk Threat,82,90
"Bank account hack hua, 1 lakh security fee bhej do.",High-Risk Threat,High-Risk Threat,83,91
Last chance: 1.4 lakh transfer kar do warna life mushkil ho jayegi.,High-Risk Threat,High-Risk Threat,80,88
"Fake app se data chori, 70,000 refund kar do warna report.",High-Risk Threat,High-Risk Threat,81,89
"Chats aur photos hamare paas, 95,000 bhej do warna leak.",High-Risk Threat,High-Risk Threat,84,92
"Crypto scam master, 4.2 lakh wapas kar do warna police ko saboot.",High-Risk Threat,High-Risk Threat,82,90
"Private information sell ho rahi hai, 55,000 rokne ke liye bhej do.",High-Risk Threat,High-Risk Threat,83,91
Final warning: 2.1 lakh transfer kar do warna naam public ho jayega.,High-Risk Threat,High-Risk Threat,81,89
"Sab scam ka paisa wapas kar do, 3.5 lakh bhej do warna puri family affect hogi.",High-Risk Threat,High-Risk Threat,80,88
"TOTAL AM0UNT Rs. 1,249.00",Safe,Safe,2,98
Invoice N0 INV-2024-091,Safe,Safe,1,99
Date 12/O8/2024,Safe,Safe,1,99
Thank y0u for shopping,Safe,Safe,2,97
SUBT0TAL 899.OO TAX 18%,Safe,Safe,1,99
PAID VIA UPl,Safe,Safe,1,99
Order lD 98347291,Safe,Safe,1,99
Delivery Expected 15 Aug,Safe,Safe,2,98
Customer Care 1800-123-456,Safe,Safe,2,98
NO PARklNG Z0NE,Safe,Safe,3,96
EMERGENCY EXlT,Safe,Safe,2,97
Platf0rm No 3,Safe,Safe,1,99
Gate Cl0sing Time 22:30,Safe,Safe,2,98
Boarding Pass Required,Safe,Safe,1,99
Welc0me t0 SRM University,Safe,Safe,2,98
Library Timing 9 AM to 7 PM,Safe,Safe,1,99
Silence Plea5e,Safe,Safe,2,97
WiFi Passw0rd SRM@2024,Safe,Safe,2,96
R00m No 204,Safe,Safe,1,99
Staff Only Area,Safe,Safe,1,99
Yahan baithne ka area hai,Safe,Safe,2,98
Please line mein khade rahein,Safe,Safe,2,98
Entry allowed till 6 PM,Safe,Safe,1,99
Lift abhi kaam nahi kar rahi,Safe,Safe,2,97
Office timing 10 se 5 baje,Safe,Safe,2,98
Yahan smoking allowed nahi hai,Safe,Safe,2,97
Cash counter closed today,Safe,Safe,1,99
Form yahin submit karein,Safe,Safe,1,99
Meeting Room No 3,Safe,Safe,1,99
Parking full hai abhi,Safe,Safe,2,98
Security check mandatory,Safe,Safe,1,99
Attendance sheet sign karein,Safe,Safe,1,99
Gate No 2 se entry karein,Safe,Safe,1,99
Canteen open till 8 PM,Safe,Safe,1,99
Water purifier working,Safe,Safe,1,99
ID card compulsory,Safe,Safe,1,99
Washroom left side hai,Safe,Safe,1,99
Reception yahin hai,Safe,Safe,1,99
Help desk pe contact karein,Safe,Safe,2,98
Battery low please charge,Safe,Safe,1,99
Seat number 24B,Safe,Safe,1,99
Train delayed by 10 minutes,Safe,Safe,1,99
Bus stop yahin hai,Safe,Safe,1,99
Ticket counter closed,Safe,Safe,1,99
Exit gate right side,Safe,Safe,1,99
Exam hall silence maintain karein,Safe,Safe,2,98
Mobile silent mode pe rakhein,Safe,Safe,2,98
Drinking water available,Safe,Safe,1,99
Waiting area full hai,Safe,Safe,1,99
Lost and found counter,Safe,Safe,1,99
Bank Acc0unt Suspended Verify N0w,High-Risk Threat,High-Risk Threat,70,94
UPI Serv1ce Blocked Share PIN,High-Risk Threat,High-Risk Threat,85,97
Refund Pending Click L1nk,High-Risk Threat,High-Risk Threat,68,93
DeliverY Failed Update Addr€ss,High-Risk Threat,High-Risk Threat,65,92
KYC Update Requ1red Today,High-Risk Threat,High-Risk Threat,72,94
Paytm Walle† Fr0zen Reactivate,High-Risk Threat,High-Risk Threat,74,95
SBI Alert Unusual Login,High-Risk Threat,High-Risk Threat,76,95
OTP Exp1ring Share N0w,High-Risk Threat,High-Risk Threat,88,97
Cashback Awaiting Card Deta1ls,High-Risk Threat,High-Risk Threat,71,94
Tax Refund On Hold Verify,High-Risk Threat,High-Risk Threat,73,95
Electricity B1ll Unpaid Pay N0w,High-Risk Threat,High-Risk Threat,69,93
SIM Deact1vation Today,High-Risk Threat,High-Risk Threat,70,94
Aadhaar L1nk Update Needed,High-Risk Threat,High-Risk Threat,72,94
Crypto Wallet Compromised,High-Risk Threat,High-Risk Threat,80,96
Loan Approved Pay Fee,High-Risk Threat,High-Risk Threat,78,95
Fastag Balance Low Pay,High-Risk Threat,High-Risk Threat,67,92
Parcel Held Pay Custom Fee,High-Risk Threat,High-Risk Threat,75,95
Bank Execut1ve Verify Acc,High-Risk Threat,High-Risk Threat,82,96
Payment Gateway Revoked,High-Risk Threat,High-Risk Threat,74,94
Reward P0ints Exp1re Soon,High-Risk Threat,High-Risk Threat,65,92
Entry Gate No 4,Safe,Safe,1,99
TOTAL PAYABLE Rs 899,Safe,Safe,1,99
Library Open T1ll 7PM,Safe,Safe,1,99
Silence Please,Safe,Safe,1,99
Staff Only Area,Safe,Safe,1,99
Office Timing 10-5,Safe,Safe,1,99
Platform No 2,Safe,Safe,1,99
Waiting Area Full,Safe,Safe,1,99
Exam Hall Quiet Zone,Safe,Safe,1,99
Exit This Way,Safe,Safe,1,99
Recharge Failed Retry Payment,High-Risk Threat,High-Risk Threat,70,93
Mobile Hack Detected Pay,High-Risk Threat,High-Risk Threat,78,95
Dating App Match Alert,High-Risk Threat,High-Risk Threat,65,92
Gift Card Used Refund Fee,High-Risk Threat,High-Risk Threat,72,94
Account Flagged Act Now,High-Risk Threat,High-Risk Threat,75,95
Job Offer Fee Pending,High-Risk Threat,High-Risk Threat,77,95
Verification Failed Retry,High-Risk Threat,High-Risk Threat,70,93
Insurance Renewal Pay,High-Risk Threat,High-Risk Threat,68,93
Loan App Default Notice,High-Risk Threat,High-Risk Threat,80,96
Wallet Balance On Hold,High-Risk Threat,High-Risk Threat,72,94
Gate Closing Time 22:00,Safe,Safe,1,99
Bus Stop Ahead,Safe,Safe,1,99
Washroom Left Side,Safe,Safe,1,99
Help Desk Open,Safe,Safe,1,99
ID Card Required,Safe,Safe,1,99
Canteen Closed Today,Safe,Safe,1,99
Room No 301,Safe,Safe,1,99
Lift Not Working,Safe,Safe,1,99
Parking Full,Safe,Safe,1,99
Reception This Way,Safe,Safe,1,99
Crypto Profit Guaranteed,High-Risk Threat,High-Risk Threat,82,96
Trading Loss Recover Fee,High-Risk Threat,High-Risk Threat,78,95
WhatsApp OTP Share Fast,High-Risk Threat,High-Risk Threat,88,97
UPI Collect Pending Accept,High-Risk Threat,High-Risk Threat,75,95
Dark Web Data Leak,High-Risk Threat,High-Risk Threat,80,96
Salary Credit Failed,High-Risk Threat,High-Risk Threat,72,94
Investment Return Due,High-Risk Threat,High-Risk Threat,78,95
Amazon Refund Issue,High-Risk Threat,High-Risk Threat,70,93
Account Upgrade Fee,High-Risk Threat,High-Risk Threat,73,94
Legal Action If Ignore,High-Risk Threat,High-Risk Threat,85,97
Fire Exit Route,Safe,Safe,1,99
Security Check Mandatory,Safe,Safe,1,99
Train Delayed 10 Min,Safe,Safe,1,99
Ticket Counter Closed,Safe,Safe,1,99
Water Available Here,Safe,Safe,1,99
Seat No 24B,Safe,Safe,1,99
Meeting Room 3,Safe,Safe,1,99
Form Submit Here,Safe,Safe,1,99
Office Closed Sunday,Safe,Safe,1,99
Emergency Exit,Safe,Safe,1,99
Fake Screenshot Virus Alert,High-Risk Threat,High-Risk Threat,77,95
Phone Locked Pay Fee,High-Risk Threat,High-Risk Threat,80,96
Google Support Call Now,High-Risk Threat,High-Risk Threat,78,95
Bank Account Review,High-Risk Threat,High-Risk Threat,72,94
Prize Winning Claim Fee,High-Risk Threat,High-Risk Threat,80,96
Electricity Meter Fine,High-Risk Threat,High-Risk Threat,74,94
Fast Loan Disbursement Fee,High-Risk Threat,High-Risk Threat,82,96
KYC Failed Retry Today,High-Risk Threat,High-Risk Threat,75,95
UPI Cashback Expire,High-Risk Threat,High-Risk Threat,70,93
Account Freeze Warning,High-Risk Threat,High-Risk Threat,85,97
Lost And Found,Safe,Safe,1,99
No Smoking Area,Safe,Safe,1,99
Queue Here Please,Safe,Safe,1,99
Staff Entry Only,Safe,Safe,1,99
Exam Center Ahead,Safe,Safe,1,99
Parking Zone B,Safe,Safe,1,99
Security Office,Safe,Safe,1,99
Lift Under Maintenance,Safe,Safe,1,99
Main Gate Closed,Safe,Safe,1,99
Reception Desk,Safe,Safe,1,99
UPI Fraud Detected Pay,High-Risk Threat,High-Risk Threat,82,96
Account Closure Today,High-Risk Threat,High-Risk Threat,78,95
Investment Scheme Offer,High-Risk Threat,High-Risk Threat,76,95
Password Reset Required,High-Risk Threat,High-Risk Threat,72,94
Custom Fee Pending,High-Risk Threat,High-Risk Threat,75,95
OTP Invalid Retry,High-Risk Threat,High-Risk Threat,85,97
Credit Card Suspended,High-Risk Threat,High-Risk Threat,80,96
Recharge Cashback Claim,High-Risk Threat,High-Risk Threat,72,94
Device Compromised Alert,High-Risk Threat,High-Risk Threat,78,95
Final Notice Pay Today,High-Risk Threat,High-Risk Threat,88,97
